OID_,ID,hydr_prcnt,drai_prcnt,bedr_prcnt,dens_prcnt,ston_prcnt,TreeMortal
94,99,4,0,0,100,4,5
182,195,6,0,0,100,6,5
223,238,38,0,0,91,38,1
316,335,0,0,0,100,0,6
376,396,42,0,0,100,100,1
399,419,0,0,0,0,0,2
518,542,0,0,0,0,0,3
556,582,0,0,0,0,100,2
622,651,0,0,0,1,99,2
932,965,0,96,96,0,0,4
948,981,0,0,0,0,0,5
983,1016,17,28,0,17,17,3
1029,1062,0,0,0,0,0,5
1077,1111,0,24,76,0,0,1
1214,1252,17,4,0,0,0,3
1232,1270,0,0,0,0,100,4
1241,1280,0,0,0,100,0,5
1392,1434,0,0,0,0,100,1
1459,1506,0,0,0,0,100,4
1484,1531,0,0,0,0,0,3
1530,1577,0,0,0,100,0,3
1537,1584,0,0,0,0,0,3
1548,1595,0,0,0,0,0,5
1686,1734,0,0,32,0,100,2
1800,1851,0,0,0,0,0,4
2104,2165,0,0,17,55,0,5
2137,2198,0,0,100,0,0,1
2147,2209,0,0,0,11,0,3
2239,2302,0,100,0,0,0,3
2299,2366,17,0,0,17,17,2
2397,2467,3,0,0,3,3,4
2455,2525,0,1,0,0,0,2
2459,2530,0,100,0,0,0,2
2573,2648,37,0,11,51,47,5
2754,2830,0,0,0,0,100,1
2796,2872,81,0,0,81,81,1
2901,2979,0,0,0,0,0,4
2976,3055,0,0,0,0,100,3
3022,3103,59,0,0,59,59,2
3084,3167,18,0,0,19,19,3
3185,3272,0,0,0,100,100,1
3194,3282,21,0,0,100,20,4
3251,3341,25,0,0,69,24,1
3262,3352,21,0,0,100,21,3
3388,3484,0,0,8,0,0,2
3414,3510,0,0,0,100,0,5
3419,3515,0,0,0,0,0,4
3427,3523,0,0,7,0,0,1
3452,3549,0,0,0,100,0,1
3592,3689,0,39,0,0,0,1
3602,3700,1,49,0,0,0,1
3650,3749,50,0,0,49,83,4
3839,3943,15,33,0,0,0,1
3882,3987,0,0,14,0,1,3
3909,4015,7,0,0,6,6,1
4085,4192,0,100,0,0,0,1
4143,4252,22,0,0,22,22,1
4144,4253,7,0,0,0,0,3
4235,4344,0,0,0,0,100,3
4304,4413,32,0,0,32,32,2
4378,4490,0,0,33,0,33,2
4489,4604,1,0,0,0,0,4
4505,4620,0,16,0,0,0,5
4824,4949,0,2,98,0,98,4
4870,4998,25,40,0,0,0,1
4891,5019,0,0,100,0,100,1
4958,5089,0,21,0,0,0,2
4960,5091,8,0,0,100,9,2
5144,5278,0,0,0,0,100,2
5158,5292,0,0,0,0,0,3
5168,5302,56,0,44,56,56,1
5217,5352,2,0,0,2,100,3
5457,5601,7,0,0,6,6,5
5511,5657,100,0,0,100,100,2
5706,5860,0,97,0,0,0,3
5749,5903,13,0,0,52,12,4
5815,5971,0,0,0,100,0,4
5960,6121,0,0,0,100,0,3
5984,6146,0,0,0,0,0,1
6009,6173,73,0,0,73,73,2
6014,6178,0,0,100,0,100,2
6085,6253,0,0,0,0,0,2
6129,6299,0,59,0,0,0,3
6174,6345,0,0,0,0,0,1
6335,6509,0,100,0,0,0,1
6467,6643,82,0,0,100,83,1
6518,6696,0,0,0,0,0,2
6577,6756,0,0,0,0,0,3
6627,6806,0,100,0,0,0,1
6658,6839,9,0,0,9,9,6
6671,6852,0,0,0,0,0,3
6774,6957,4,3,0,4,4,4
6816,7000,0,0,0,0,0,4
6878,7063,0,85,0,0,0,2
6882,7067,47,0,0,47,47,4
6983,7170,20,0,80,20,20,2
7143,7336,69,0,0,68,68,1
7175,7370,0,100,0,0,0,3
7212,7408,0,0,0,100,0,1
7213,7409,0,94,0,0,0,3
7271,7468,0,0,0,100,0,1
7567,7775,0,0,0,100,0,2
7712,7923,8,91,0,0,0,4
7801,8014,0,0,0,0,0,4
7904,8117,0,0,0,0,0,1
7910,8123,1,0,0,0,0,5
7941,8154,0,0,0,0,0,3
7954,8167,0,0,0,0,0,4
8035,8251,0,100,0,0,0,2
8086,8303,0,0,0,0,100,3
8087,8304,7,81,0,7,19,5
8159,8378,1,0,50,1,50,1
8245,8465,0,0,0,0,0,6
8274,8496,0,0,0,0,43,4
8334,8558,3,97,0,0,0,3
8338,8562,0,0,0,0,0,1
8532,8759,4,2,0,0,0,5
8589,8817,0,0,100,0,100,2
8852,9088,0,0,0,0,0,2
8886,9122,0,0,37,0,37,4
9070,9309,0,0,91,0,0,1
9073,9312,0,0,0,0,100,2
9096,9336,100,0,0,100,100,3
9121,9363,5,0,82,4,4,3
9486,9744,0,0,0,0,0,2
9627,9887,45,0,0,46,98,3
9682,9942,7,0,0,7,7,2
9750,10011,63,0,0,62,62,5
9780,10042,14,0,84,14,14,4
9810,10073,0,0,0,100,0,2
9972,10240,0,0,80,0,80,3
10186,10463,20,0,0,19,19,3
10253,10535,0,0,0,0,0,5
10297,10580,0,98,0,0,0,4
10404,10689,0,0,0,0,0,3
10416,10702,30,0,0,30,30,2
10475,10763,0,0,8,0,8,4
10569,10860,37,0,0,100,100,1
10766,11064,27,4,0,28,96,2
10891,11192,0,0,0,0,0,3
10988,11292,0,0,0,0,0,3
11111,11420,0,0,0,0,0,4
11144,11453,0,100,0,0,0,1
11177,11489,45,8,0,45,45,3
11201,11515,0,0,0,0,0,4
11203,11517,38,0,14,38,38,2
11240,11554,0,0,0,0,0,5
11258,11572,0,0,78,0,0,2
11260,11574,5,95,0,0,0,1
11261,11575,0,97,0,0,0,1
11526,11846,0,59,0,0,41,3
11770,12094,0,0,0,0,0,4
11783,12107,2,0,0,2,2,3
11889,12218,0,0,0,0,0,5
11918,12248,55,0,0,56,56,4
11971,12302,0,0,0,0,0,4
11979,12310,28,2,0,28,28,4
12038,12369,0,0,0,0,100,3
12064,12395,83,0,0,83,83,2
12103,12437,0,0,0,0,0,2
12206,12544,0,0,0,0,0,2
12279,12619,6,0,0,6,97,1
12293,12633,0,0,0,0,0,1
12555,12899,0,0,0,0,100,1
12585,12929,0,0,100,0,100,3
12648,12993,0,0,0,0,0,4
12659,13005,0,0,0,0,0,5
12941,13293,63,0,0,0,0,1
12962,13314,0,0,0,0,0,5
12971,13323,14,0,0,14,14,4
12991,13343,0,0,0,0,0,3
13002,13354,0,100,0,0,0,5
13045,13397,0,92,0,0,0,2
13111,13464,0,0,34,0,34,5
13455,13821,0,0,0,0,0,1
13459,13825,0,0,0,0,100,2
13473,13839,26,0,0,26,100,1
13478,13844,0,0,0,66,0,4
13539,13905,46,0,0,46,76,1
13577,13946,0,0,0,100,0,1
13593,13963,19,0,0,19,100,1
13603,13973,0,0,0,0,0,5
13606,13976,0,0,0,0,0,5
13639,14010,0,0,0,0,0,4
13664,14035,43,0,0,44,44,1
13734,14107,0,100,0,0,0,2
13742,14115,0,0,0,100,0,4
13786,14160,0,0,0,2,0,2
13917,14293,7,0,0,7,7,1
13945,14322,0,0,0,0,95,5
14000,14378,0,0,0,0,100,4
14063,14441,34,0,0,34,34,2
14066,14444,0,49,0,0,0,3
14207,14589,0,0,0,0,0,4
14239,14622,0,0,1,0,0,1
14290,14677,0,0,0,0,57,5
14461,14853,9,0,91,9,100,2
14630,15027,0,0,0,100,52,4
14693,15091,26,0,0,100,0,1
14696,15094,0,0,100,0,0,4
14758,15157,1,0,0,100,1,2
14916,15316,0,0,0,100,0,2
14935,15337,0,0,90,10,0,1
14969,15372,0,0,0,100,100,4
15053,15461,0,0,0,0,0,1
15080,15491,29,0,71,29,0,1
15090,15502,2,0,0,99,99,2
15100,15512,100,0,0,0,0,3
15140,15554,0,0,0,100,0,3
15229,15647,2,0,0,100,0,1
15432,15859,0,0,0,100,0,2
15501,15930,0,0,0,0,0,3
15556,15987,94,0,0,100,0,1
15628,16060,0,0,0,100,0,3
15648,16080,0,0,0,100,0,3
15664,16096,0,0,0,100,0,1
15668,16100,12,0,0,88,0,4
15702,16135,0,0,0,100,0,1
15774,16209,0,0,0,100,0,4
15812,16248,0,0,0,100,0,2
15887,16324,23,0,0,100,0,4
15901,16340,36,0,0,100,0,2
15910,16349,9,0,0,100,10,4
15995,16437,0,0,0,100,0,1
16073,16517,0,0,0,100,0,3
16145,16589,4,0,0,45,0,1
16184,16628,0,0,29,0,0,2
16286,16732,0,100,0,0,0,3
16293,16739,0,0,100,0,0,3
16398,16846,49,0,0,100,51,2
16430,16880,0,0,0,100,0,4
16538,16992,30,0,0,100,30,2
16587,17043,0,0,63,37,0,2
16603,17059,0,0,100,0,0,2
16670,17131,12,0,0,100,89,3
16671,17132,19,0,0,23,0,2
16776,17240,51,0,0,52,52,3
16825,17290,0,0,100,0,0,1
17041,17512,0,0,28,72,0,1
17144,17616,5,0,0,14,0,1
17193,17666,0,0,0,0,0,3
17293,17769,70,0,0,100,0,1
17311,17788,0,0,0,0,0,4
17555,18045,0,0,0,95,0,2
17697,18189,0,0,0,100,0,1
17711,18203,46,0,0,100,0,1
17721,18214,69,0,0,31,0,3
17756,18251,79,0,0,79,79,1
17780,18275,0,0,0,100,0,1
17783,18278,3,0,0,100,0,3
17858,18360,0,0,0,100,0,4
17945,18449,66,0,0,100,0,1
17981,18487,0,0,0,100,0,5
18000,18506,25,0,0,14,24,3
18103,18611,0,0,0,100,0,4
18115,18623,3,47,0,53,4,3
18134,18642,1,0,0,1,1,3
18236,18746,0,0,0,95,95,3
18284,18794,0,0,100,0,2,4
18292,18802,0,0,0,100,0,5
18345,18855,11,0,0,100,10,4
18477,18989,0,0,100,0,100,4
18553,19067,0,0,0,0,0,3
18587,19101,57,3,0,57,57,2
18702,19217,0,0,0,0,0,3
18711,19226,0,0,0,100,0,4
18783,19298,0,0,0,0,100,1
18910,19425,0,0,0,100,0,4
18929,19444,0,0,100,0,0,4
18955,19470,0,0,0,0,0,3
19005,19520,0,0,100,0,0,4
19050,19565,0,0,0,100,0,2
19111,19626,0,100,0,0,0,1
19228,19743,0,0,100,0,61,2
19275,19790,4,0,96,4,4,1
19276,19791,13,0,81,12,12,4
19447,19964,0,0,0,100,0,2
19458,19975,0,0,0,100,100,3
19611,20128,46,0,44,46,100,1
19645,20162,0,0,70,0,0,1
19729,20246,76,0,0,100,76,1
19923,20440,0,0,0,100,0,4
19997,20514,11,0,89,0,0,3
20015,20533,1,0,0,100,1,1
20099,20618,66,0,0,84,84,1
20213,20732,19,0,0,18,100,1
20214,20733,0,0,0,0,0,3
20224,20743,0,0,0,100,0,2
20241,20761,58,0,3,58,58,2
20511,21034,15,0,0,0,0,2
20575,21098,5,0,0,100,6,2
20729,21252,0,0,92,0,0,1
20772,21295,46,0,13,87,54,2
20792,21315,1,0,0,100,1,3
20823,21346,0,100,0,0,0,2
20895,21419,0,0,0,0,0,2
20905,21429,87,8,0,92,6,2
20993,21517,23,0,0,100,23,1
21063,21587,0,0,100,0,0,4
21167,21693,0,0,100,0,0,4
21175,21701,0,0,0,35,0,3
21230,21756,18,0,83,17,99,1
21437,21965,63,0,0,100,63,1
21440,21968,14,0,86,14,90,3
21512,22040,0,0,0,100,0,1
21519,22047,100,0,0,100,100,1
21578,22106,0,0,0,0,19,5
21583,22111,9,0,0,8,8,2
21750,22279,0,0,43,57,0,4
21792,22322,0,0,94,0,0,2
21843,22373,14,0,87,13,100,4
21874,22404,2,0,0,100,2,2
21925,22456,9,0,0,100,10,2
22051,22582,0,0,100,0,0,3
22065,22597,36,0,0,36,36,4
22076,22608,25,56,0,36,26,4
22081,22613,45,0,0,100,46,3
22133,22665,26,48,0,0,0,3
22320,22852,12,0,89,11,11,2
22419,22952,8,0,0,92,0,2
22485,23018,16,0,22,78,22,3
22534,23068,63,0,0,64,63,3
22590,23125,0,0,97,0,97,2
22597,23132,0,0,0,0,0,2
22622,23157,0,0,0,100,0,1
22730,23266,0,0,0,100,0,2
22739,23275,0,0,0,100,0,4
22822,23359,8,0,92,8,8,5
22967,23505,0,0,0,100,0,3
22979,23517,0,0,0,0,0,4
22995,23533,0,0,100,0,0,1
23046,23584,0,2,0,0,0,1
23159,23698,30,0,69,31,51,1
23188,23727,0,0,0,100,0,3
23307,23847,16,0,0,100,16,4
23403,23943,29,0,0,30,30,5
23532,24072,28,0,0,100,29,1
23543,24083,0,0,29,0,29,5
23550,24090,80,0,0,80,100,2
23564,24104,42,0,47,42,94,3
23778,24320,42,0,0,100,41,5
23800,24342,0,0,0,0,0,4
23886,24428,5,0,0,100,5,3
23955,24497,0,0,0,0,0,4
23956,24498,0,0,0,100,0,5
23962,24504,42,0,57,43,43,1
23983,24525,88,0,0,100,89,1
23990,24532,0,0,0,100,0,2
24042,24585,0,0,0,100,0,1
24080,24623,0,0,100,0,0,2
24149,24693,1,0,99,1,37,1
24262,24808,0,0,0,100,0,3
24373,24920,21,0,65,22,62,5
24398,24945,0,0,0,100,0,1
24476,25024,38,0,0,38,38,3
24491,25039,0,0,0,0,0,4
24508,25056,0,12,0,88,0,4
24569,25117,0,18,0,0,0,2
24681,25230,0,0,100,0,10,2
24703,25252,32,69,0,31,31,3
24711,25260,1,99,0,1,1,3
24756,25306,2,0,0,100,2,1
24797,25347,0,0,0,0,0,5
24835,25385,0,0,0,100,0,2
24863,25414,41,0,0,100,41,1
24957,25508,0,0,100,0,0,2
24978,25529,0,0,100,0,0,1
25061,25612,55,0,0,100,55,2
25071,25622,0,15,0,0,0,1
25125,25678,0,0,100,0,100,3
25159,25712,0,0,0,100,0,4
25271,25824,0,0,0,0,0,3
25281,25834,51,1,28,51,51,1
25304,25857,44,0,0,100,45,1
25361,25914,0,0,0,0,100,2
25399,25952,19,0,80,20,80,5
25596,26149,1,0,57,1,56,3
25755,26310,13,0,0,100,13,5
25934,26489,0,0,0,100,0,3
25988,26544,0,0,0,100,0,5
26023,26579,12,0,0,13,13,3
26043,26599,2,0,0,100,1,3
26048,26604,0,0,0,0,0,3
26155,26712,0,0,0,13,0,4
26202,26759,0,0,0,0,100,5
26249,26806,0,0,0,100,0,4
26347,26905,3,0,98,2,2,3
26390,26949,0,0,51,0,0,2
26433,26992,0,0,6,94,0,3
26454,27013,0,0,100,0,0,3
26509,27068,0,0,100,0,9,2
26546,27105,60,0,10,60,60,3
26554,27113,0,0,0,100,0,1
26566,27125,9,0,0,100,8,3
26656,27215,0,100,0,0,0,4
26707,27266,11,0,0,93,11,2
26747,27306,0,0,100,0,0,3
26847,27406,0,0,0,100,0,2
26898,27457,8,0,0,0,0,1
27122,27682,0,0,21,79,0,4
27128,27688,29,0,0,96,28,2
27206,27767,3,0,0,100,3,4
27229,27790,14,86,0,0,0,2
27233,27794,0,0,0,100,0,4
27286,27848,0,0,0,0,0,3
27300,27862,43,0,58,42,42,3
27420,27982,1,0,0,100,1,4
27444,28006,0,0,0,0,50,4
27475,28037,1,0,0,100,1,3
27488,28050,0,0,3,0,3,4
27542,28104,25,0,0,100,25,5
27583,28145,0,0,100,0,9,1
27709,28273,6,0,0,94,89,4
27861,28428,57,0,0,100,58,1
27896,28463,0,0,100,0,0,3
27941,28508,21,0,79,21,21,3
27985,28552,0,0,0,100,0,4
27987,28554,0,0,100,0,0,1
27999,28566,0,0,0,100,0,4
28060,28627,0,0,0,0,0,3
28089,28657,3,0,0,97,26,6
28111,28679,0,0,0,0,0,5
28279,28849,22,0,0,93,22,1
28311,28881,0,0,56,0,0,1
28398,28969,0,0,100,0,100,3
28407,28979,0,0,0,0,0,5
28483,29056,29,0,0,100,30,4
28523,29096,17,0,0,17,17,3
28536,29109,4,0,0,100,3,1
28545,29118,1,0,99,1,1,3
28595,29172,31,0,0,31,31,2
28699,29276,0,0,0,100,0,2
28703,29280,11,0,89,11,11,5
28717,29294,2,0,98,2,67,4
28726,29304,18,0,0,18,18,2
28748,29326,0,0,0,100,0,1
28858,29438,0,0,0,5,0,4
28934,29514,0,0,0,0,94,2
28961,29541,0,0,0,100,0,2
29001,29582,0,0,0,100,60,4
29004,29585,0,0,100,0,94,4
29020,29601,26,0,0,100,26,1
29134,29715,16,0,0,100,17,2
29191,29774,0,0,0,100,0,4
29249,29832,8,0,29,8,44,4
29303,29886,20,0,0,100,20,3
29329,29912,0,0,100,0,0,3
29889,30474,0,0,100,0,71,1
29934,30520,18,83,0,0,0,1
30148,30736,17,0,0,100,16,1
30397,30986,56,0,0,64,56,1
30405,30994,0,0,0,0,0,2
30458,31048,10,0,90,1,1,4
30532,31123,7,0,93,7,7,1
30645,31236,0,0,100,0,0,2
30791,31383,0,0,0,0,0,4
30886,31480,5,0,96,4,4,1
30948,31542,45,0,38,45,45,2
30980,31575,36,0,28,37,68,1
30999,31594,0,0,100,0,0,3
31067,31662,0,100,0,0,0,4
31069,31664,26,0,0,100,25,3
31134,31730,0,0,31,0,31,1
31177,31773,86,0,0,98,86,3
31227,31824,46,0,0,45,100,1
31325,31923,32,0,68,32,86,2
31377,31976,0,0,0,100,28,2
31604,32204,0,0,0,0,0,5
31703,32303,11,0,0,0,0,2
31765,32365,0,0,100,0,100,1
31776,32376,0,0,22,78,0,4
31840,32440,5,0,0,100,5,2
31862,32462,0,0,100,0,61,1
31931,32531,0,100,0,0,0,3
32223,32825,0,0,88,0,0,1
32226,32828,0,84,16,0,0,1
32252,32854,0,0,0,0,0,2
32285,32887,35,0,0,34,34,1
32293,32895,27,74,0,26,26,2
32443,33047,3,0,97,3,85,2
32479,33083,47,0,54,46,46,4
32485,33089,29,0,0,29,29,2
32502,33106,0,0,100,0,0,1
32577,33181,0,0,0,0,52,2
32590,33194,0,0,0,100,0,3
32613,33217,42,0,59,41,41,5
32687,33292,0,0,0,0,0,4
32710,33316,3,0,0,100,3,4
32742,33350,0,0,19,0,81,2
32899,33507,0,0,0,100,0,5
32907,33515,3,0,31,69,3,4
32924,33532,32,2,0,0,0,2
33085,33693,0,0,28,5,0,4
33133,33742,0,100,0,0,0,2
33177,33786,0,0,100,0,0,4
33183,33792,86,0,0,100,86,2
33184,33793,0,0,100,0,8,3
33278,33887,43,0,48,43,52,3
33408,34018,0,0,0,100,0,1
33449,34059,30,0,70,30,93,4
33471,34081,0,0,0,100,0,4
33497,34107,0,0,0,0,0,5
33704,34314,44,0,0,100,44,3
33712,34322,48,0,0,47,47,2
33727,34337,0,0,100,0,100,1
33749,34359,0,0,100,0,43,1
33768,34379,0,0,0,100,0,2
33814,34425,0,0,0,0,0,5
33955,34566,0,0,0,0,9,2
33992,34603,0,0,0,0,0,2
33998,34609,18,51,0,30,0,3
34070,34681,0,0,100,0,100,2
34147,34758,0,0,0,100,0,3
34209,34820,0,0,0,0,0,1
34256,34867,0,0,13,0,87,1
34322,34933,0,0,100,0,0,3
34394,35005,0,0,100,0,0,1
34423,35034,33,0,0,100,32,4
34493,35104,0,0,63,0,0,5
34539,35150,0,0,0,21,0,1
34548,35159,0,0,100,0,0,4
34574,35185,0,100,0,0,0,5
34665,35277,30,0,63,30,93,4
34712,35324,23,0,77,23,23,5
34817,35430,8,0,0,8,8,5
34833,35446,0,0,0,0,1,5
34859,35472,0,0,100,0,4,3
34868,35481,0,0,100,0,0,1
34875,35488,0,0,0,0,0,3
34889,35502,0,0,9,0,9,4
34936,35550,0,0,0,0,0,4
34938,35552,6,0,94,6,84,2
34961,35576,0,0,0,100,0,5
35042,35657,0,0,0,0,100,2
35077,35692,0,0,100,0,50,2
35214,35831,0,0,0,100,0,3
35227,35844,0,0,0,0,100,5
35368,35986,0,0,47,0,0,1
35401,36019,0,0,0,0,0,4
35445,36063,7,0,0,100,7,4
35506,36126,0,0,100,0,73,5
35521,36141,61,0,0,79,61,1
35736,36359,0,0,100,0,0,3
35888,36513,0,0,0,0,0,4
35901,36526,0,0,100,0,100,2
36049,36675,0,0,0,0,38,1
36132,36759,0,0,100,0,100,3
36274,36901,0,0,60,40,0,1
36321,36948,12,0,0,12,12,4
36352,36979,2,97,0,0,0,1
36405,37033,0,0,100,0,49,2
36409,37037,0,0,0,0,0,4
36480,37109,0,0,0,0,0,3
36535,37164,18,82,0,18,18,2
36785,37417,36,0,0,35,35,5
36961,37593,16,0,84,16,16,5
36988,37620,0,0,95,0,0,5
37039,37673,2,99,0,0,0,2
37103,37738,0,0,0,0,0,5
37109,37744,0,0,0,100,0,3
37182,37817,0,0,3,0,0,1
37272,37907,0,0,0,100,0,2
37334,37971,2,0,0,0,0,2
37340,37977,1,2,97,0,0,3
37355,37992,0,0,0,0,0,1
37439,38076,0,100,0,0,0,4
37451,38089,0,1,0,0,0,3
37658,38297,1,0,0,100,1,4
37686,38326,0,0,0,0,0,5
37862,38502,0,0,0,0,18,1
37995,38636,0,0,0,0,0,3
37996,38637,6,95,0,0,0,4
38106,38748,0,0,100,0,0,4
38129,38771,5,0,0,5,5,5
38178,38820,4,0,42,0,0,1
38242,38885,0,0,0,0,0,1
38271,38915,0,0,100,0,0,1
38547,39193,28,0,53,34,28,2
38625,39271,0,0,56,0,0,4
38653,39299,4,0,0,3,3,3
38714,39362,0,0,100,0,3,1
38743,39391,46,0,0,45,45,3
38854,39504,0,0,96,0,4,4
38865,39515,0,0,0,0,4,1
38893,39543,0,0,0,100,0,2
38934,39584,0,100,0,0,0,3
38961,39611,0,0,0,0,0,1
38992,39644,0,0,0,0,0,5
39007,39659,0,0,0,100,0,5
39090,39743,0,100,0,0,0,4
39101,39754,0,0,0,100,0,1
39127,39780,0,0,100,0,14,5
39139,39792,0,0,100,0,0,3
39185,39838,0,0,0,0,0,3
39199,39852,0,0,0,100,0,2
39220,39873,0,0,0,28,38,5
39307,39960,0,0,0,0,0,3
39357,40011,9,0,0,57,10,4
39380,40034,0,6,0,0,0,2
39400,40055,0,0,100,0,0,3
39603,40261,85,0,0,0,0,1
39612,40270,13,0,87,13,100,1
39624,40282,0,0,85,15,15,3
39657,40315,50,0,0,49,49,5
39774,40433,0,0,0,69,0,4
39783,40442,27,0,0,26,63,5
39840,40499,0,0,0,100,0,3
39854,40513,0,0,0,0,0,2
39868,40527,0,0,0,0,0,4
39879,40538,0,0,0,0,0,3
40093,40753,0,0,67,1,1,5
40102,40762,34,0,0,100,34,1
40228,40890,15,0,85,15,0,1
40273,40935,34,0,67,33,33,3
40277,40939,0,0,0,0,42,3
40476,41140,16,0,29,16,16,4
40637,41303,1,0,0,45,45,4
40648,41314,0,0,100,0,0,5
40655,41321,0,0,100,0,27,1
40730,41398,0,0,100,0,0,1
40903,41572,0,0,100,0,0,3
41000,41669,28,0,71,29,100,3
41001,41670,69,0,0,100,70,3
41004,41673,99,0,1,99,99,2
41042,41712,22,78,0,0,0,1
41056,41726,83,0,0,100,83,2
41132,41802,0,0,0,0,100,3
41152,41822,0,11,61,0,0,4
41217,41887,34,0,0,33,100,3
41317,41987,0,0,100,0,0,5
41321,41991,0,0,0,0,0,3
41335,42005,1,0,99,1,1,1
41435,42107,54,0,47,53,53,2
41437,42109,83,0,0,82,82,1
41480,42152,0,0,0,100,0,3
41525,42197,0,0,0,0,0,2
41603,42276,45,0,5,45,60,5
41613,42286,24,0,76,24,100,1
41641,42314,53,0,0,54,54,3
41680,42354,0,0,59,0,67,4
41724,42399,91,0,0,96,91,1
41780,42455,17,0,83,17,17,2
41848,42523,0,0,100,0,48,2
41885,42561,0,68,0,0,32,3
41892,42568,30,0,70,30,30,3
41917,42593,0,0,3,0,3,5
41952,42628,89,0,0,100,100,3
42047,42724,0,0,7,93,0,2
42096,42773,0,0,100,0,100,1
42108,42785,0,0,0,100,0,5
42131,42808,0,0,67,25,0,1
42156,42836,0,100,0,0,0,1
42161,42841,0,0,0,0,0,1
42421,43104,0,0,0,0,0,3
42423,43106,0,0,100,0,0,4
42467,43151,0,0,0,0,0,3
42492,43176,0,0,0,0,98,4
42601,43286,0,0,100,0,0,5
42617,43302,8,0,0,8,8,3
42623,43308,16,0,85,15,15,1
42626,43312,15,0,85,15,100,1
42628,43314,12,0,89,11,100,3
42785,43471,56,0,44,56,100,3
42794,43480,0,0,16,0,0,4
42821,43508,0,0,49,0,0,1
42885,43572,0,60,15,0,0,3
43030,43722,0,0,0,100,0,1
43045,43738,0,0,100,0,0,4
43061,43754,8,0,0,100,7,1
43187,43880,0,12,75,0,0,3
43300,43994,26,0,0,26,48,5
43330,44025,58,0,41,59,59,3
43337,44032,0,0,0,0,0,1
43456,44152,61,0,0,100,60,3
43477,44173,0,0,0,100,0,2
43479,44175,6,0,65,35,6,4
43487,44184,0,0,100,0,16,4
43534,44231,0,0,0,100,0,1
43542,44239,0,0,100,0,0,3
43581,44278,12,0,89,11,11,2
43583,44280,0,0,12,88,0,3
43651,44348,0,0,10,0,90,2
43659,44356,0,0,0,0,100,5
43891,44592,0,0,0,0,0,2
43975,44678,23,0,75,23,23,3
44040,44745,0,0,100,0,0,3
44265,44970,44,0,0,45,45,1
44288,44993,0,0,0,0,0,5
44348,45053,12,0,0,100,12,1
44417,45122,46,3,0,45,45,3
44419,45124,63,0,0,100,63,4
44436,45141,0,0,97,0,0,3
44548,45257,0,0,98,0,0,1
44580,45291,21,0,0,100,21,4
44679,45394,17,0,17,16,83,5
44745,45462,0,0,0,0,83,1
44756,45473,0,0,85,0,0,1
44827,45547,0,0,0,0,68,4
44851,45573,48,0,0,100,48,4
44855,45577,0,0,0,0,0,5
44953,45676,1,0,99,0,0,2
44955,45678,0,0,0,100,0,3
44970,45694,0,0,100,0,100,2
45029,45753,0,0,100,0,0,2
45059,45784,0,0,86,14,38,3
45068,45793,0,0,0,100,0,4
45071,45796,0,0,0,100,0,4
45108,45836,0,0,85,0,0,4
45116,45844,10,0,6,94,10,3
45191,45920,0,0,0,100,0,2
45361,46094,0,0,100,0,100,1
45426,46161,30,0,58,41,32,4
45431,46166,0,0,15,0,0,3
45542,46280,1,0,0,100,1,4
45546,46284,0,0,51,0,51,1
45597,46335,0,100,0,0,0,1
45698,46437,0,0,0,0,100,5
45706,46445,0,0,0,100,0,3
45715,46455,0,0,0,100,28,2
45765,46507,0,0,100,0,0,3
45797,46542,0,0,100,0,5,2
46148,46897,41,0,0,100,41,3
46180,46930,4,0,0,4,4,4
46285,47036,0,0,0,100,0,4
46326,47080,47,0,0,100,48,3
46537,47296,0,0,6,94,0,4
46662,47423,47,0,0,46,46,4
46682,47444,28,0,0,100,28,5
46716,47478,0,0,100,0,0,1
46740,47503,29,0,24,32,29,3
46861,47627,34,0,3,34,35,1
46890,47656,0,0,0,0,0,4
47128,47903,0,0,0,0,0,2
47226,48003,38,0,0,37,37,4
47286,48065,7,0,0,100,7,3
47346,48127,28,0,0,100,28,1
47705,48494,0,15,100,0,0,2
47709,48498,0,0,0,100,0,4
47955,48753,0,0,100,0,0,1
48289,49095,0,25,0,0,0,4
48309,49115,47,0,0,100,7,2
48417,49226,0,0,0,0,0,3
48550,49360,0,0,0,0,0,4
48649,49462,26,0,0,100,26,1
48681,49495,0,0,91,0,0,2
48718,49534,39,0,0,100,39,1
48725,49541,0,0,0,2,0,2
48788,49607,0,0,28,72,0,5
48845,49666,0,0,1,0,1,1
48915,49737,15,0,0,15,15,2
48916,49738,0,0,100,0,0,4
48934,49757,0,0,0,100,0,1
48949,49772,0,0,0,0,0,1
48977,49801,0,0,0,100,0,4
48978,49802,2,1,0,0,0,2
48990,49814,0,26,39,0,0,5
49091,49917,0,0,100,0,0,6
49152,49980,0,0,100,0,0,4
49155,49983,0,0,100,0,100,4
49201,50029,0,0,0,86,0,4
49347,50181,5,0,0,5,5,2
49349,50183,0,0,100,0,0,3
49462,50302,0,0,35,0,35,2
49586,50426,0,0,0,100,0,1
49680,50520,0,0,0,100,0,1
49682,50522,52,0,12,52,52,3
49712,50552,0,0,22,0,0,4
49733,50573,0,0,0,0,0,3
49874,50715,0,0,100,0,0,3
50148,50996,80,15,0,0,0,1
50283,51131,0,0,0,0,0,5
50303,51151,0,0,0,0,0,3
50406,51256,0,0,0,0,0,2
50521,51372,0,0,0,0,0,5
50568,51419,0,0,0,100,0,1
50630,51481,1,0,99,1,100,3
50690,51542,0,2,0,0,0,1
50733,51585,0,0,100,0,100,2
50758,51610,0,0,0,0,0,5
50781,51635,29,0,0,47,0,1
50822,51677,0,100,0,0,0,1
50867,51723,19,0,54,19,72,1
50870,51726,0,100,0,0,0,3
50888,51744,4,96,0,0,0,3
51023,51880,0,0,0,100,0,1
51164,52022,0,0,0,0,0,5
51194,52052,0,100,0,0,0,3
51263,52121,0,0,0,0,0,5
51419,52281,0,100,0,0,0,2
51436,52298,0,0,0,0,0,1
51514,52376,44,56,0,0,0,3
51523,52385,0,0,100,0,100,2
51524,52386,18,0,0,21,18,2
51530,52392,0,0,0,0,0,1
51610,52472,13,87,0,0,0,2
51611,52473,12,88,0,0,0,2
51624,52486,33,0,0,0,0,2
51699,52565,0,100,0,0,0,1
51740,52606,0,0,0,0,0,1
51854,52720,0,0,100,0,46,1
51961,52827,3,98,0,0,0,2
52002,52869,0,0,0,0,0,5
52073,52940,0,62,21,0,0,1
52109,52976,0,100,0,0,0,1
52407,53275,0,0,0,100,0,2
52435,53303,1,99,0,1,1,1
52448,53316,0,100,0,0,0,1
52477,53345,0,0,0,0,0,5
52562,53430,0,0,0,0,0,5
52586,53454,75,0,0,75,75,1
52587,53455,0,0,0,100,100,4
52623,53491,0,0,26,0,0,1
52657,53525,0,11,0,0,0,1
52740,53610,0,0,94,0,0,2
52843,53715,0,0,0,0,55,4
52904,53776,0,0,0,100,0,3
52906,53778,0,100,0,0,0,2
53138,54015,3,0,97,3,100,1
53219,54096,2,0,0,100,2,1
53429,54309,2,0,0,100,0,5
53500,54380,0,0,0,0,0,1
53600,54480,0,100,0,0,0,5
53695,54576,34,0,0,34,34,2
53712,54593,15,84,0,0,0,1
53818,54701,8,92,0,0,0,1
54054,54942,0,0,0,0,0,1
54065,54953,17,0,0,18,18,1
54071,54959,0,0,100,0,52,1
54251,55141,0,0,31,0,0,1
54252,55142,0,0,0,0,0,1
54331,55222,0,0,0,0,74,3
54343,55234,0,100,0,0,0,4
54354,55245,21,79,0,0,0,2
54364,55255,0,15,0,0,0,4
54397,55288,0,100,0,0,0,1
54485,55376,58,0,43,57,57,3
54488,55379,0,0,100,0,0,1
54506,55397,10,0,90,10,10,1
54539,55431,0,0,0,3,0,3
54670,55565,84,0,0,84,84,2
54803,55698,0,50,0,0,0,5
54898,55795,15,0,0,100,68,2
54909,55806,0,0,0,0,0,5
54936,55833,0,80,8,0,0,2
54942,55839,0,100,0,0,0,2
55003,55901,0,100,0,0,0,1
55026,55926,30,0,40,30,2,2
55065,55965,0,77,0,0,0,1
55233,56138,0,0,19,0,0,4
55251,56156,0,0,0,0,100,4
55295,56200,0,0,82,0,0,2
55484,56390,0,0,0,100,0,1
55485,56391,0,0,0,0,0,5
55510,56417,24,0,0,23,23,3
55519,56426,17,0,0,100,17,1
55585,56492,0,0,0,80,0,3
55620,56527,0,0,0,0,0,1
55632,56539,9,0,91,9,9,2
55639,56546,0,0,29,0,58,2
55762,56670,0,81,0,0,0,1
55851,56764,0,0,0,0,0,2
55873,56786,0,0,0,0,0,2
56004,56917,0,0,0,100,0,1
56146,57060,84,15,0,0,0,2
56183,57098,15,0,85,15,100,1
56247,57162,0,0,0,0,0,3
56307,57223,0,0,0,0,0,2
56611,57529,0,0,0,0,100,1
56632,57550,0,0,100,0,99,1
56658,57576,0,0,0,0,0,4
56751,57669,0,0,0,0,0,5
56848,57766,0,0,100,0,100,4
56918,57836,0,0,0,100,0,2
56955,57873,1,0,0,1,1,1
57019,57938,0,0,100,0,0,1
57087,58006,0,100,0,0,0,2
57283,58202,14,0,0,15,36,2
57342,58262,72,0,0,72,72,1
57593,58516,14,0,0,0,0,2
57611,58534,0,100,0,0,0,1
57614,58537,0,0,100,0,58,1
57859,58782,0,0,0,97,0,1
57872,58795,0,100,0,0,0,1
58091,59015,66,0,0,100,66,1
58193,59118,0,0,0,100,0,1
58215,59140,0,0,100,0,0,4
58322,59247,0,0,0,0,0,5
58414,59340,0,0,0,0,0,5
58421,59347,58,0,0,100,58,3
58592,59519,0,0,0,100,0,2
58640,59567,0,0,100,0,0,1
58709,59636,0,100,0,0,0,1
58930,59859,0,100,0,0,0,1
58946,59875,28,0,0,28,43,2
59003,59932,0,0,100,0,0,5
59038,59967,0,0,0,0,0,4
59200,60130,0,100,0,0,0,2
59244,60174,13,0,0,14,14,1
59385,60316,0,0,0,1,71,3
59402,60333,0,0,0,0,0,3
59425,60356,0,18,0,0,0,1
59512,60443,84,0,16,84,100,1
59517,60448,0,0,40,0,0,4
59595,60527,0,0,0,0,0,1
59726,60659,0,0,0,0,0,5
59727,60660,100,0,0,100,100,3
59783,60717,0,0,0,0,0,3
59786,60720,0,0,0,0,0,5
59790,60724,27,0,0,27,27,5
59863,60797,0,0,0,0,0,3
59879,60813,0,0,0,100,0,1
60041,60976,5,76,0,0,0,1
60049,60984,0,100,0,0,0,1
60059,60994,52,0,0,100,52,1
60070,61005,53,0,0,54,54,1
60126,61061,16,0,83,17,17,2
60134,61069,9,0,0,91,0,1
60178,61113,11,78,0,0,0,4
60461,61398,0,0,0,100,0,1
60598,61536,6,0,0,100,7,1
60645,61585,0,0,0,0,0,3
60651,61591,0,0,0,0,0,4
60740,61681,0,42,0,0,0,4
60909,61850,0,0,0,0,0,5
61008,61949,0,100,0,0,0,1
61192,62134,62,0,0,90,29,4
61256,62198,0,0,0,100,0,5
61265,62207,17,0,0,100,16,6
61482,62425,0,0,0,100,0,4
61632,62575,0,0,0,0,0,2
61747,62691,0,0,0,100,0,5
61903,62847,0,0,0,0,0,5
61925,62869,0,0,0,0,100,3
62051,62995,0,0,100,0,100,3
62111,63056,0,0,99,0,0,5
62162,63107,0,0,0,100,0,2
62339,63284,0,0,0,0,0,4
62367,63312,0,0,0,0,0,2
62397,63342,0,0,0,0,0,4
62424,63369,0,0,0,0,7,5
62543,63488,0,0,0,0,0,5
62592,63537,0,0,0,2,0,1
62620,63565,1,0,0,2,2,1
62706,63651,14,0,72,14,14,1
62786,63732,0,0,0,0,0,2
62842,63788,0,67,0,0,0,1
62847,63793,0,0,95,0,95,5
62877,63824,59,0,0,59,99,1
62934,63882,0,0,0,0,0,1
62993,63942,0,0,0,60,0,4
63061,64010,0,0,45,55,0,1
63080,64029,0,100,0,0,0,2
63099,64049,27,0,0,27,27,5
63159,64109,0,0,0,0,0,5
63271,64222,0,0,0,0,0,5
63286,64237,0,0,29,0,0,4
63437,64388,0,0,0,0,0,2
63444,64395,7,0,0,7,7,2
63557,64508,73,0,0,100,73,1
63733,64684,0,91,0,0,0,1
63739,64690,0,0,0,0,100,5
63838,64789,0,100,0,0,0,3
63954,64906,0,0,38,0,0,4
64037,64989,62,0,0,62,62,2
64136,65089,0,100,0,0,0,2
64262,65217,20,3,0,77,0,3
64277,65232,1,0,0,65,65,5
64455,65411,11,0,0,11,11,2
64657,65616,32,0,0,32,32,2
64765,65724,0,39,0,0,0,2
64884,65845,0,0,14,56,0,3
64943,65904,0,0,100,0,0,2
65023,65985,0,0,0,0,0,3
65028,65990,71,0,29,71,71,2
65110,66072,36,13,0,3,3,2
65112,66074,77,0,0,100,76,1
65133,66095,0,0,0,0,0,2
65231,66194,11,0,0,11,11,3
65237,66200,0,49,0,0,0,4
65292,66255,0,0,0,36,0,4
65419,66383,0,0,100,0,92,3
65604,66570,0,0,0,47,0,5
65683,66649,3,0,0,31,31,2
65741,66707,0,100,0,0,0,2
65802,66768,0,0,0,0,100,3
65867,66833,0,0,0,0,0,3
65935,66902,30,0,0,71,0,1
66039,67006,18,0,0,19,19,4
66070,67037,0,0,0,0,0,4
66107,67075,59,0,0,92,59,2
66135,67103,0,0,0,0,0,2
66237,67205,0,0,0,0,70,5
66251,67220,0,0,0,89,0,4
66334,67303,0,0,0,0,100,4
66372,67341,0,0,0,0,0,5
66426,67396,32,0,0,55,0,1
66558,67528,0,0,0,0,67,3
66563,67533,8,0,0,9,9,4
66724,67696,0,100,0,0,0,5
66926,67901,0,100,0,0,0,1
66931,67906,42,0,0,43,100,4
66985,67961,52,0,0,100,100,1
67090,68067,0,0,0,0,4,4
67106,68083,0,0,11,52,0,1
67383,68361,0,0,12,0,89,5
67393,68371,0,0,0,100,2,5
67438,68418,0,0,0,100,0,5
67640,68623,0,0,0,0,0,2
67773,68757,0,0,0,0,0,3
67812,68796,1,0,99,0,28,3
67823,68807,60,0,0,60,60,3
67907,68893,68,0,0,100,68,3
67928,68914,0,0,0,0,0,2
68013,69002,19,0,0,19,19,3
68025,69014,0,0,0,0,0,4
68109,69098,0,0,12,0,12,5
68290,69280,0,0,0,0,0,5
68423,69416,0,0,0,0,0,3
68445,69438,0,0,0,0,0,4
68446,69439,6,0,30,70,6,3
68537,69531,31,0,0,100,31,2
68548,69542,0,0,0,0,0,5
68559,69553,0,0,0,32,0,5
68660,69655,0,0,0,100,0,4
68735,69730,0,0,0,0,0,4
68859,69854,0,0,0,0,20,4
69013,70010,29,0,67,30,6,2
69050,70048,0,0,0,100,0,4
69082,70082,1,0,0,0,0,4
69182,70182,0,0,0,0,0,2
69213,70213,40,0,61,0,0,5
69245,70245,0,0,0,0,0,2
69319,70319,0,0,0,0,0,2
69371,70372,0,0,0,0,0,3
69386,70387,0,0,0,0,0,5
69416,70417,0,0,0,0,0,3
69457,70458,0,0,0,100,0,4
69458,70459,0,22,0,0,0,3
69540,70543,11,0,0,100,0,2
69566,70569,67,0,0,68,68,2
69780,70784,0,1,0,0,0,1
69897,70901,71,0,29,0,0,4
69948,70952,0,0,0,0,0,3
70033,71038,0,0,0,0,0,3
70072,71077,0,43,57,0,56,1
70158,71165,0,0,57,0,0,4
70176,71183,0,0,0,0,0,3
70209,71216,0,0,0,0,0,5
70251,71259,0,0,0,0,0,1
70363,71372,70,31,0,0,0,4
70424,71433,0,0,0,0,0,2
70467,71477,0,0,0,0,0,4
70491,71502,91,0,0,91,91,1
70520,71532,0,0,0,0,82,5
70523,71535,99,0,0,99,99,1
70561,71573,0,0,0,0,0,1
70564,71576,35,0,0,35,35,4
70673,71685,0,0,40,0,0,1
70698,71710,0,0,0,0,0,4
70798,71813,52,0,49,51,51,3
70847,71863,38,0,0,37,37,3
71002,72019,0,49,45,0,45,4
71072,72089,0,0,0,0,0,4
71168,72187,0,0,100,0,0,5
71280,72299,18,0,0,19,36,1
71329,72349,5,0,0,0,0,6
71336,72356,0,100,0,0,0,1
71341,72361,0,0,0,0,0,5
71356,72376,65,0,0,66,66,3
71387,72407,0,0,0,100,41,4
71480,72503,94,0,0,0,0,2
71534,72557,0,0,100,0,100,2
71552,72575,0,0,0,0,0,5
71562,72585,0,0,0,0,0,4
71657,72681,0,0,0,0,0,5
71667,72691,0,27,0,0,73,5
71835,72862,34,0,0,100,34,1
71854,72881,0,0,0,5,5,4
71995,73024,21,0,51,22,22,5
72039,73069,0,0,0,0,0,4
72066,73096,0,100,0,0,0,2
72096,73126,0,0,0,0,0,4
72098,73128,0,0,100,0,94,4
72143,73173,0,31,0,0,0,1
72156,73186,18,0,0,0,0,1
72163,73193,34,0,0,23,23,1
72164,73194,56,0,0,57,57,3
72213,73244,0,0,0,0,0,3
72256,73287,0,0,0,0,94,1
72312,73344,0,0,0,0,0,3
72383,73416,54,0,0,55,55,4
72426,73459,0,0,100,0,0,5
72463,73497,0,0,0,0,0,1
72494,73530,0,0,0,92,8,5
72569,73608,0,0,100,0,0,5
72594,73633,0,0,0,0,0,1
72689,73728,0,0,0,0,0,2
72697,73736,0,100,0,0,0,1
72738,73777,0,0,0,0,0,1
72851,73893,7,0,0,100,7,2
72941,73985,0,0,0,100,0,1
72975,74019,0,0,0,0,0,4
72977,74021,0,0,0,0,0,3
73105,74149,7,0,0,7,7,4
73139,74184,0,0,100,0,56,3
73298,74344,0,0,66,0,0,2
73317,74363,15,0,0,15,15,4
73332,74378,63,0,0,0,0,5
73358,74404,0,0,91,0,91,4
73508,74556,26,0,0,70,0,1
73552,74601,0,0,0,65,0,1
73563,74613,0,0,0,0,0,3
73575,74625,0,0,0,0,82,5
73641,74692,0,0,0,0,0,4
73845,74897,0,100,0,0,0,1
73873,74926,58,43,0,0,0,3
74103,75160,0,0,100,0,100,3
74132,75189,0,0,0,0,0,2
74142,75199,0,0,0,0,0,5
74178,75235,9,0,0,9,9,2
74199,75258,0,0,0,0,0,1
74202,75261,0,0,0,0,13,1
74271,75330,0,0,0,100,0,1
74333,75394,0,0,100,0,0,3
74401,75464,0,0,0,0,0,5
74432,75496,0,0,0,0,0,5
74461,75526,0,0,0,0,0,1
74546,75614,0,0,0,0,0,5
74580,75649,0,0,100,0,0,4
74735,75810,3,97,0,0,0,2
74954,76034,0,0,0,100,0,1
74998,76080,91,0,0,91,91,2
75015,76097,0,0,0,100,0,3
75082,76167,0,0,0,0,0,3
75106,76192,0,0,0,0,0,3
75120,76206,70,0,0,70,70,3
75126,76212,0,0,0,0,100,1
75205,76292,0,0,0,100,0,1
75247,76336,70,0,0,69,100,3
75278,76367,39,0,0,39,39,2
75449,76542,0,0,0,0,100,1
75468,76561,0,0,0,0,0,4
75480,76573,0,0,100,0,0,4
75496,76590,0,64,0,0,0,3
75533,76628,0,0,0,0,0,1
75567,76662,65,0,0,64,64,4
75625,76721,83,0,0,100,83,1
75697,76796,1,0,0,1,1,4
75708,76808,0,0,0,0,0,2
75711,76811,50,0,0,49,49,3
75717,76818,0,97,0,0,0,2
75724,76825,0,0,0,0,0,4
75787,76888,0,0,0,80,0,3
75847,76949,0,0,0,0,0,5
75872,76974,0,51,0,0,49,2
75908,77011,0,0,0,0,0,1
76022,77127,0,0,0,0,0,5
76231,77345,0,0,0,0,100,1
76252,77366,0,0,0,100,0,4
76304,77419,0,99,0,0,0,2
76318,77433,0,0,0,0,0,5
76356,77473,0,0,0,0,0,1
76392,77510,0,0,0,0,0,2
76616,77742,0,0,0,100,0,2
76735,77867,4,0,0,42,5,6
76765,77899,0,0,51,0,0,1
76843,77981,22,0,0,21,100,1
76998,78144,0,0,0,0,0,5
77067,78218,0,0,0,0,0,3
77106,78262,0,0,0,0,0,4
77111,78267,0,0,0,0,0,2
77140,78302,0,0,0,0,95,3
77166,78329,0,0,100,0,0,1
77272,78447,0,91,0,0,0,1
77308,78483,0,100,0,0,0,6
77374,78549,0,100,0,0,0,1
77401,78577,0,0,0,100,0,1
